{
  "accuracy": [
    0.5292301177978516,
    0.8710787296295166,
    0.9365789890289307
  ],
  "loss": [
    1.6303961277008057,
    0.4257533550262451,
    0.2048841267824173
  ],
  "top3_accuracy": [
    0.674310564994812,
    0.9534434080123901,
    0.9810928702354431
  ],
  "val_accuracy": [
    0.715364396572113,
    0.8887065052986145,
    0.9355438947677612
  ],
  "val_loss": [
    1.037361979484558,
    0.3603349030017853,
    0.1999904364347458
  ],
  "val_top3_accuracy": [
    0.8589406609535217,
    0.9611512422561646,
    0.9828190207481384
  ],
  "learning_rate": [
    0.001500000013038516,
    0.001500000013038516,
    0.001500000013038516
  ]
}