{
  "accuracy": 0.9355438947677612,
  "loss": 0.1999904364347458,
  "top3_accuracy": 0.9828190207481384
}