{
  "accuracy": 0.0,
  "loss": 3.710886240005493,
  "top3_accuracy": 0.04772234335541725
}