{
  "accuracy": [
    0.16503728926181793,
    0.46942833065986633,
    0.6449047327041626
  ],
  "loss": [
    3.13576340675354,
    1.9993737936019897,
    1.2893290519714355
  ],
  "top3_accuracy": [
    0.3393537700176239,
    0.6861640214920044,
    0.8106048107147217
  ],
  "val_accuracy": [
    0.0,
    0.0,
    0.0
  ],
  "val_loss": [
    3.708004951477051,
    4.879027366638184,
    6.596138000488281
  ],
  "val_top3_accuracy": [
    0.004694835748523474,
    0.0,
    0.0
  ],
  "learning_rate": [
    0.0010000000474974513,
    0.0010000000474974513,
    0.0010000000474974513
  ]
}