{
  "accuracy": 0.0,
  "loss": 3.708004951477051,
  "top3_accuracy": 0.004694835748523474
}