{
  "accuracy": [
    0.1003570482134819,
    0.2804131507873535
  ],
  "loss": [
    3.3433010578155518,
    2.5424461364746094
  ],
  "top3_accuracy": [
    0.23705686628818512,
    0.5077786445617676
  ],
  "val_accuracy": [
    0.0,
    0.0
  ],
  "val_loss": [
    3.710886240005493,
    4.856019496917725
  ],
  "val_top3_accuracy": [
    0.04772234335541725,
    0.0
  ],
  "learning_rate": [
    0.0010000000474974513,
    0.0010000000474974513
  ]
}