{
  "accuracy": [
    0.5780624151229858,
    0.8926553130149841,
    0.9493530988693237,
    0.9687415361404419,
    0.9783714413642883,
    0.983340859413147
  ],
  "loss": [
    1.5052587985992432,
    0.3648439347743988,
    0.16950365900993347,
    0.10364320129156113,
    0.07061909884214401,
    0.05239179730415344
  ],
  "top3_accuracy": [
    0.7110009789466858,
    0.9639909863471985,
    0.9866366386413574,
    0.9938976764678955,
    0.9967557191848755,
    0.9982233643531799
  ],
  "val_accuracy": [
    0.0018968409858644009,
    0.8991026282310486,
    0.9774567484855652,
    0.9831473231315613,
    0.9096812009811401,
    0.9759976863861084
  ],
  "val_loss": [
    6.175668239593506,
    0.3644050359725952,
    0.07538871467113495,
    0.07035995274782181,
    0.27809828519821167,
    0.06525642424821854
  ],
  "val_top3_accuracy": [
    0.025242576375603676,
    0.9591449499130249,
    0.9954038262367249,
    0.9949660897254944,
    0.9853359460830688,
    0.9978842735290527
  ],
  "learning_rate": [
    0.0010000000474974513,
    0.0010000000474974513,
    0.0010000000474974513,
    0.0010000000474974513,
    0.0010000000474974513,
    0.0010000000474974513
  ]
}