{
  "accuracy": 0.9831473231315613,
  "loss": 0.07035995274782181,
  "top3_accuracy": 0.9949660897254944
}