{
  "accuracy": [
    0.5292301177978516,
    0.8710787296295166,
    0.9365789890289307,
    0.9583799242973328,
    0.968860924243927,
    0.976107656955719
  ],
  "loss": [
    1.6303961277008057,
    0.4257533550262451,
    0.2048841267824173,
    0.13267365097999573,
    0.09768595546483994,
    0.07310034334659576
  ],
  "top3_accuracy": [
    0.674310564994812,
    0.9534434080123901,
    0.9810928702354431,
    0.9900418519973755,
    0.9939205050468445,
    0.9963644742965698
  ],
  "val_accuracy": [
    0.715364396572113,
    0.8887065052986145,
    0.9355438947677612,
    0.9762530326843262,
    0.9297439455986023,
    0.9876340627670288
  ],
  "val_loss": [
    1.037361979484558,
    0.3603349030017853,
    0.1999904364347458,
    0.09955301135778427,
    0.25381866097450256,
    0.041353605687618256
  ],
  "val_top3_accuracy": [
    0.8589406609535217,
    0.9611512422561646,
    0.9828190207481384,
    0.9934340119361877,
    0.9773473143577576,
    0.9978113174438477
  ],
  "learning_rate": [
    0.001500000013038516,
    0.001500000013038516,
    0.001500000013038516,
    0.001500000013038516,
    0.001500000013038516,
    0.001500000013038516
  ]
}