{
  "accuracy": 0.9876340627670288,
  "loss": 0.041353605687618256,
  "top3_accuracy": 0.9978113174438477
}