{
  "accuracy": 0.20000000298023224,
  "loss": 1.6231063604354858,
  "top3_accuracy": 0.6000000238418579
}