{
  "accuracy": [
    0.30000001192092896,
    0.30000001192092896,
    0.20000000298023224,
    0.15000000596046448,
    0.15000000596046448
  ],
  "loss": [
    1.914076805114746,
    1.704679250717163,
    1.7624104022979736,
    1.7153774499893188,
    1.6862996816635132
  ],
  "top3_accuracy": [
    0.6000000238418579,
    0.6000000238418579,
    0.699999988079071,
    0.4000000059604645,
    0.550000011920929
  ],
  "val_accuracy": [
    0.20000000298023224,
    0.20000000298023224,
    0.20000000298023224,
    0.20000000298023224,
    0.20000000298023224
  ],
  "val_loss": [
    1.6231063604354858,
    1.6624807119369507,
    1.7540628910064697,
    1.8103917837142944,
    1.8949944972991943
  ],
  "val_top3_accuracy": [
    0.6000000238418579,
    0.6000000238418579,
    0.6000000238418579,
    0.6000000238418579,
    0.6000000238418579
  ],
  "learning_rate": [
    0.0010000000474974513,
    0.0010000000474974513,
    0.0010000000474974513,
    0.0005000000237487257,
    0.0005000000237487257
  ]
}